name,lat,lon,score,factors_json
Ганькино,54.8872159,70.1104856,0.0,[]
Новоишимское,53.2025913,66.7929531,39.6,"[{""name"": ""Река в 2.4 км (baseline)"", ""impact"": 0.4}]"
Сергеевка,53.880951,67.415863,44.2,"[{""name"": ""Река в 1.1 км (baseline)"", ""impact"": 0.42}, {""name"": ""Превышение над рекой 29 м (baseline)"", ""impact"": 0.02}]"
Имантау,52.9767986,68.3662059,64.6,"[{""name"": ""Река в 10.8 км (baseline)"", ""impact"": 0.21}, {""name"": ""Превышение над рекой 6 м (baseline)"", ""impact"": 0.44}]"
Тайынша,53.847736,69.761436,82.5,"[{""name"": ""Река в 2.1 км (baseline)"", ""impact"": 0.4}, {""name"": ""Превышение над рекой 7 м (baseline)"", ""impact"": 0.42}]"
Чистополье,52.5617672,67.250694,56.7,"[{""name"": ""Река в 0.5 км (baseline)"", ""impact"": 0.44}, {""name"": ""Превышение над рекой 23 м (baseline)"", ""impact"": 0.13}]"
Леонидовка,53.967728,69.529213,36.4,"[{""name"": ""Река в 16.9 км (baseline)"", ""impact"": 0.07}, {""name"": ""Превышение над рекой 14 м (baseline)"", ""impact"": 0.29}]"
Талшик,53.6433864,71.8767545,0.0,[]
Казанское,53.758011,71.667969,0.0,[]
Аксай,53.8858349,71.7522188,0.0,[]
Восходское,54.0110223,71.7696188,0.0,[]
Баймырза,54.1895179,71.7826683,0.0,[]
Амандык,53.467529,70.401955,0.0,[]
Жанадаур,53.39994,70.478836,0.0,[]
Ильичёвка,53.502098,70.388092,0.0,[]
Келлеровка,53.8399016,69.3021305,0.0,[]
Черниговское,53.9016285,69.0069999,0.0,[]
Красная Поляна,53.941536,68.982285,0.0,[]
Доброжановка,53.966927,69.049385,0.0,[]
Глубокое,53.856407,69.045097,0.0,[]
Нагорное,53.961876,69.410736,0.0,[]
Дружба,52.586021,66.491188,52.3,"[{""name"": ""Река в 0.8 км (baseline)"", ""impact"": 0.43}, {""name"": ""Превышение над рекой 25 м (baseline)"", ""impact"": 0.09}]"
Дауит,53.6091041,71.4755852,78.8,"[{""name"": ""Река в 9.4 км (baseline)"", ""impact"": 0.24}, {""name"": ""Превышение над рекой -3 м (baseline)"", ""impact"": 0.55}]"
Алкатерек,53.45146,71.244014,0.0,[]
Целинное,53.5573909,70.7104133,40.9,"[{""name"": ""Река в 8.4 км (baseline)"", ""impact"": 0.26}, {""name"": ""Превышение над рекой 22 м (baseline)"", ""impact"": 0.15}]"
Аккудук,53.655956,70.810074,40.2,"[{""name"": ""Река в 4.6 км (baseline)"", ""impact"": 0.35}, {""name"": ""Превышение над рекой 27 м (baseline)"", ""impact"": 0.05}]"
Мамлютка,54.9376951,68.5386509,0.0,[]
Покровка,54.3010634,68.3552371,82.5,"[{""name"": ""Река в 0.4 км (baseline)"", ""impact"": 0.44}, {""name"": ""Превышение над рекой 9 м (baseline)"", ""impact"": 0.39}]"
Петропавловск,54.8668104,69.1334984,40.4,"[{""name"": ""Река в 2.0 км (baseline)"", ""impact"": 0.4}]"
Булаево,54.896652,70.447189,0.0,[]
Токуши,54.85788,69.717262,0.0,[]
Полудино,54.862617,69.919205,0.0,[]
Чистое,54.915241,70.724121,0.0,[]
Каракога,54.904881,70.816818,0.0,[]
Пресновка,54.6686113,67.1452217,0.0,[]
Айыртау,53.1585244,68.333889,9.2,"[{""name"": ""Река в 15.9 км (baseline)"", ""impact"": 0.09}]"
Лобаново,53.092365,68.433052,5.9,"[{""name"": ""Река в 17.4 км (baseline)"", ""impact"": 0.06}]"
Баянтай,53.261093,67.929214,30.6,"[{""name"": ""Река в 6.4 км (baseline)"", ""impact"": 0.31}]"
Казанка,53.3201718,67.449134,71.2,"[{""name"": ""Река в 0.6 км (baseline)"", ""impact"": 0.44}, {""name"": ""Превышение над рекой 15 м (baseline)"", ""impact"": 0.28}]"
Шукирлик,53.2726138,67.7886323,33.0,"[{""name"": ""Река в 10.2 км (baseline)"", ""impact"": 0.22}, {""name"": ""Превышение над рекой 24 м (baseline)"", ""impact"": 0.11}]"
Глубокое,55.1557926,68.9474596,9.4,"[{""name"": ""Река в 15.8 км (baseline)"", ""impact"": 0.09}]"
Налобино,55.2455423,68.7915428,0.0,[]
Пресновка,55.0909817,69.0272651,42.0,"[{""name"": ""Река в 7.8 км (baseline)"", ""impact"": 0.27}, {""name"": ""Превышение над рекой 22 м (baseline)"", ""impact"": 0.15}]"
Бостандык,53.948696,71.406944,0.0,[]
Кишкенеколь,53.6357326,72.3411085,0.0,[]
Акжаркын,53.6813187,71.3078338,0.0,[]
Камышлово,54.782906,69.674385,0.0,[]
Рузаевка,52.821907,66.952431,69.6,"[{""name"": ""Река в 0.5 км (baseline)"", ""impact"": 0.44}, {""name"": ""Превышение над рекой 16 м (baseline)"", ""impact"": 0.26}]"
Сивковка,52.848736,66.981255,86.1,"[{""name"": ""Река в 0.5 км (baseline)"", ""impact"": 0.44}, {""name"": ""Превышение над рекой 7 м (baseline)"", ""impact"": 0.42}]"
Ломоносовка,52.803749,66.465874,52.7,"[{""name"": ""Река в 0.7 км (baseline)"", ""impact"": 0.44}, {""name"": ""Превышение над рекой 25 м (baseline)"", ""impact"": 0.09}]"
Ставрополка,52.835926,66.559067,57.4,"[{""name"": ""Река в 1.0 км (baseline)"", ""impact"": 0.43}, {""name"": ""Превышение над рекой 22 м (baseline)"", ""impact"": 0.15}]"
Белое,54.936493,69.203117,33.9,"[{""name"": ""Река в 4.9 км (baseline)"", ""impact"": 0.34}]"
Новоникольское,55.02475,69.493172,8.0,"[{""name"": ""Река в 16.4 км (baseline)"", ""impact"": 0.08}]"
Пеньково,54.965187,69.244598,27.8,"[{""name"": ""Река в 7.6 км (baseline)"", ""impact"": 0.28}]"
Тахтаброд,52.633469,67.579048,85.8,"[{""name"": ""Река в 0.6 км (baseline)"", ""impact"": 0.44}, {""name"": ""Превышение над рекой 7 м (baseline)"", ""impact"": 0.42}]"
Бесколь,54.775146,69.097794,61.1,"[{""name"": ""Река в 3.4 км (baseline)"", ""impact"": 0.37}, {""name"": ""Превышение над рекой 17 м (baseline)"", ""impact"": 0.24}]"
Чапаево,54.631702,69.152771,17.6,"[{""name"": ""Река в 12.2 км (baseline)"", ""impact"": 0.18}]"
Кырымбет,52.459782,67.76239,16.3,"[{""name"": ""Река в 12.7 км (baseline)"", ""impact"": 0.16}]"
Ковыльное,52.5746,67.687767,69.7,"[{""name"": ""Река в 0.4 км (baseline)"", ""impact"": 0.44}, {""name"": ""Превышение над рекой 16 м (baseline)"", ""impact"": 0.26}]"
Сокологоровка,52.507038,67.873611,23.1,"[{""name"": ""Река в 9.7 км (baseline)"", ""impact"": 0.23}]"
Привольное,52.6008281,67.8253627,79.0,"[{""name"": ""Река в 0.4 км (baseline)"", ""impact"": 0.44}, {""name"": ""Превышение над рекой 11 м (baseline)"", ""impact"": 0.35}]"
Аканбурлык,52.6149159,68.049995,84.3,"[{""name"": ""Река в 0.4 км (baseline)"", ""impact"": 0.44}, {""name"": ""Превышение над рекой 8 м (baseline)"", ""impact"": 0.4}]"
Акшокы,52.68491,67.880547,24.5,"[{""name"": ""Река в 9.1 км (baseline)"", ""impact"": 0.25}]"
Красново,52.5966847,67.907696,95.7,"[{""name"": ""Река в 0.3 км (baseline)"", ""impact"": 0.44}, {""name"": ""Превышение над рекой 2 м (baseline)"", ""impact"": 0.51}]"
Куспек,52.742474,67.998177,32.5,"[{""name"": ""Река в 12.9 км (baseline)"", ""impact"": 0.16}, {""name"": ""Превышение над рекой 21 м (baseline)"", ""impact"": 0.17}]"
Тимирязево,53.7481615,66.4954458,0.0,[]
Вишневка,54.9407291,69.0741755,79.9,"[{""name"": ""Река в 1.6 км (baseline)"", ""impact"": 0.41}, {""name"": ""Превышение над рекой 9 м (baseline)"", ""impact"": 0.39}]"
Якорь,54.959206,69.034576,75.0,"[{""name"": ""Река в 3.8 км (baseline)"", ""impact"": 0.36}, {""name"": ""Превышение над рекой 9 м (baseline)"", ""impact"": 0.39}]"
Затон,54.8549472,68.9933737,66.9,"[{""name"": ""Река в 3.3 км (baseline)"", ""impact"": 0.38}, {""name"": ""Превышение над рекой 14 м (baseline)"", ""impact"": 0.29}]"
Кривоозёрка,54.8717546,68.99711,79.9,"[{""name"": ""Река в 3.2 км (baseline)"", ""impact"": 0.38}, {""name"": ""Превышение над рекой 7 м (baseline)"", ""impact"": 0.42}]"
Тепличное,54.8329505,69.0915477,81.6,"[{""name"": ""Река в 2.5 км (baseline)"", ""impact"": 0.39}, {""name"": ""Превышение над рекой 7 м (baseline)"", ""impact"": 0.42}]"
Прибрежное,54.819756,69.090256,73.8,"[{""name"": ""Река в 2.7 км (baseline)"", ""impact"": 0.39}, {""name"": ""Превышение над рекой 11 м (baseline)"", ""impact"": 0.35}]"
Знаменское,54.901402,69.597755,0.0,[]
Михайловка,54.892441,69.462555,0.0,[]
Байсал,54.895233,69.553108,0.0,[]
Ленинское,54.473019,69.182556,0.0,[]
Смирново,54.51453,69.419189,0.0,[]
Рощинское,54.058678,69.143158,0.0,[]
Архангельское,54.7801156,68.9461997,64.8,"[{""name"": ""Река в 1.8 км (baseline)"", ""impact"": 0.41}, {""name"": ""Превышение над рекой 17 м (baseline)"", ""impact"": 0.24}]"
Новокаменка,54.711693,68.983734,77.4,"[{""name"": ""Река в 1.1 км (baseline)"", ""impact"": 0.43}, {""name"": ""Превышение над рекой 11 м (baseline)"", ""impact"": 0.35}]"
Петерфельд,54.912373,68.887779,19.2,"[{""name"": ""Река в 11.5 км (baseline)"", ""impact"": 0.19}]"
Подгорное,54.7128156,69.0232742,77.1,"[{""name"": ""Река в 0.4 км (baseline)"", ""impact"": 0.44}, {""name"": ""Превышение над рекой 12 м (baseline)"", ""impact"": 0.33}]"
Боголюбово,54.6174536,68.7288167,75.8,"[{""name"": ""Река в 2.6 км (baseline)"", ""impact"": 0.39}, {""name"": ""Превышение над рекой 10 м (baseline)"", ""impact"": 0.37}]"
Приишимка,54.611111,68.855843,79.0,"[{""name"": ""Река в 0.3 км (baseline)"", ""impact"": 0.44}, {""name"": ""Превышение над рекой 11 м (baseline)"", ""impact"": 0.35}]"
Водопроводное,54.555283,68.728447,67.1,"[{""name"": ""Река в 0.8 км (baseline)"", ""impact"": 0.43}, {""name"": ""Превышение над рекой 17 м (baseline)"", ""impact"": 0.24}]"
Красная Горка,54.5550524,68.7689396,47.2,"[{""name"": ""Река в 0.7 км (baseline)"", ""impact"": 0.43}, {""name"": ""Превышение над рекой 28 м (baseline)"", ""impact"": 0.04}]"
Новоникольское,54.527195,68.686737,75.4,"[{""name"": ""Река в 1.1 км (baseline)"", ""impact"": 0.42}, {""name"": ""Превышение над рекой 12 м (baseline)"", ""impact"": 0.33}]"
Золотоноша,52.826229,67.170753,18.4,"[{""name"": ""Река в 11.8 км (baseline)"", ""impact"": 0.18}]"
Червонное,53.2771558,66.7276043,21.7,"[{""name"": ""Река в 10.3 км (baseline)"", ""impact"": 0.22}]"
Бахмут,53.9553438,69.6563407,58.8,"[{""name"": ""Река в 9.4 км (baseline)"", ""impact"": 0.24}, {""name"": ""Превышение над рекой 11 м (baseline)"", ""impact"": 0.35}]"
Виноградовка,53.852486,69.885887,84.3,"[{""name"": ""Река в 2.9 км (baseline)"", ""impact"": 0.38}, {""name"": ""Превышение над рекой 5 м (baseline)"", ""impact"": 0.46}]"
Мироновка,53.840008,69.839554,86.5,"[{""name"": ""Река в 1.1 км (baseline)"", ""impact"": 0.42}, {""name"": ""Превышение над рекой 6 м (baseline)"", ""impact"": 0.44}]"
Чермошнянка,53.956871,69.776093,74.6,"[{""name"": ""Река в 3.9 км (baseline)"", ""impact"": 0.36}, {""name"": ""Превышение над рекой 9 м (baseline)"", ""impact"": 0.39}]"
Вишневка,53.928841,70.116203,61.7,"[{""name"": ""Река в 12.9 км (baseline)"", ""impact"": 0.16}, {""name"": ""Превышение над рекой 5 м (baseline)"", ""impact"": 0.46}]"
Зелёный Гай,53.9415782,70.4052003,32.2,"[{""name"": ""Река в 8.9 км (baseline)"", ""impact"": 0.25}, {""name"": ""Превышение над рекой 26 м (baseline)"", ""impact"": 0.07}]"
Ясная Поляна,53.948624,70.280006,6.7,"[{""name"": ""Река в 17.0 км (baseline)"", ""impact"": 0.07}]"
Новоприречное,53.795761,69.71405,86.4,"[{""name"": ""Река в 1.2 км (baseline)"", ""impact"": 0.42}, {""name"": ""Превышение над рекой 6 м (baseline)"", ""impact"": 0.44}]"
Кантемировское,54.145618,70.074486,0.0,[]
Кирово,54.149075,70.3215452,0.0,[]
Котовское,54.296768,70.103928,0.0,[]
Многоцветное,53.886616,69.540169,57.7,"[{""name"": ""Река в 15.5 км (baseline)"", ""impact"": 0.1}, {""name"": ""Превышение над рекой 4 м (baseline)"", ""impact"": 0.48}]"
Тендик,53.992543,69.8575413,89.8,"[{""name"": ""Река в 0.5 км (baseline)"", ""impact"": 0.44}, {""name"": ""Превышение над рекой 5 м (baseline)"", ""impact"": 0.46}]"
Заречное,53.770763,69.769211,79.7,"[{""name"": ""Река в 1.7 км (baseline)"", ""impact"": 0.41}, {""name"": ""Превышение над рекой 9 м (baseline)"", ""impact"": 0.39}]"
Надеждинка,53.913223,69.860298,94.3,"[{""name"": ""Река в 1.7 км (baseline)"", ""impact"": 0.41}, {""name"": ""Превышение над рекой 1 м (baseline)"", ""impact"": 0.53}]"
Октябрьское,53.71431,69.668915,79.9,"[{""name"": ""Река в 0.8 км (baseline)"", ""impact"": 0.43}, {""name"": ""Превышение над рекой 10 м (baseline)"", ""impact"": 0.37}]"
Тапшил,53.573334,70.037659,0.0,[]
Большой Изюм,53.719046,69.63546,84.4,"[{""name"": ""Река в 0.4 км (baseline)"", ""impact"": 0.44}, {""name"": ""Превышение над рекой 8 м (baseline)"", ""impact"": 0.4}]"
Драгомировка,53.7520402,69.3697642,34.6,"[{""name"": ""Река в 17.7 км (baseline)"", ""impact"": 0.05}, {""name"": ""Превышение над рекой 14 м (baseline)"", ""impact"": 0.29}]"
Иван-Город,53.7731746,69.3236261,0.0,[]
Обуховка,53.679047,69.398209,37.2,"[{""name"": ""Река в 14.9 км (baseline)"", ""impact"": 0.12}, {""name"": ""Превышение над рекой 16 м (baseline)"", ""impact"": 0.26}]"
Белоярка,53.783981,70.242401,0.0,[]
Донецкое,53.805855,70.097076,46.7,"[{""name"": ""Река в 17.2 км (baseline)"", ""impact"": 0.06}, {""name"": ""Превышение над рекой 8 м (baseline)"", ""impact"": 0.4}]"
Краснокиевка,53.746407,70.227455,0.0,[]
Новогречановка,53.862225,70.424812,40.4,"[{""name"": ""Река в 12.6 км (baseline)"", ""impact"": 0.17}, {""name"": ""Превышение над рекой 17 м (baseline)"", ""impact"": 0.24}]"
Новодворовка,53.849495,70.310371,2.3,"[{""name"": ""Река в 19.0 км (baseline)"", ""impact"": 0.02}]"
Подольское,53.829334,70.079849,48.1,"[{""name"": ""Река в 14.9 км (baseline)"", ""impact"": 0.11}, {""name"": ""Превышение над рекой 10 м (baseline)"", ""impact"": 0.37}]"
Агроном,54.190063,70.534271,0.0,[]
Ильич,54.142712,70.545845,0.0,[]
Молодогвардейское,54.0950466,70.7952992,2.4,"[{""name"": ""Река в 18.9 км (baseline)"", ""impact"": 0.02}]"
Возвышенка,54.437664,70.941399,0.0,[]
Золотая Нива,54.2091188,70.8748844,0.0,[]
Медвежка,54.870277,70.436485,0.0,[]
Новоивановка,53.882401,69.696236,67.8,"[{""name"": ""Река в 7.8 км (baseline)"", ""impact"": 0.27}, {""name"": ""Превышение над рекой 8 м (baseline)"", ""impact"": 0.4}]"
Берёзовка,53.5643554,69.3276584,0.0,[]
Горькое,53.630962,69.152756,0.0,[]
Летовочное,53.735115,68.980431,0.0,[]
Любимовка,53.789822,69.179337,0.0,[]
Подлесное,53.714844,68.990486,0.0,[]
Трудовая Нива,54.663868,69.194862,18.3,"[{""name"": ""Река в 11.9 км (baseline)"", ""impact"": 0.18}]"
Мичурино,53.3954853,66.6237321,0.0,[]
Вознесенка,54.67017,68.81662,76.5,"[{""name"": ""Река в 3.1 км (baseline)"", ""impact"": 0.38}, {""name"": ""Превышение над рекой 9 м (baseline)"", ""impact"": 0.39}]"
Надёжка,54.62022,68.811348,86.0,"[{""name"": ""Река в 2.2 км (baseline)"", ""impact"": 0.4}, {""name"": ""Превышение над рекой 5 м (baseline)"", ""impact"": 0.46}]"
Ольшанка,55.009148,69.102615,82.9,"[{""name"": ""Река в 0.3 км (baseline)"", ""impact"": 0.44}, {""name"": ""Превышение над рекой 9 м (baseline)"", ""impact"": 0.39}]"
Соколовка,55.11763,69.203369,66.0,"[{""name"": ""Река в 0.5 км (baseline)"", ""impact"": 0.44}, {""name"": ""Превышение над рекой 18 м (baseline)"", ""impact"": 0.22}]"
Большая Малышка,55.096394,69.227661,79.7,"[{""name"": ""Река в 0.9 км (baseline)"", ""impact"": 0.43}, {""name"": ""Превышение над рекой 10 м (baseline)"", ""impact"": 0.37}]"
Коктерек,54.489746,69.461533,0.0,[]
Григорьевка,54.626225,69.545738,0.0,[]
Трудовое,54.552261,69.486176,0.0,[]
Кенжегалы,54.540993,69.564445,0.0,[]
Аралагаш,54.342682,69.172279,0.0,[]
Рублёвка,54.270718,69.143616,0.0,[]
Кременчуг,53.897041,69.267227,0.0,[]
Сарыбай,54.0371175,69.1737805,0.0,[]
Асаново,54.853539,69.452156,0.0,[]
Явленка,54.3462508,68.4566996,43.4,"[{""name"": ""Река в 0.7 км (baseline)"", ""impact"": 0.43}]"
Бирликское,53.041672,66.721931,47.2,"[{""name"": ""Река в 0.7 км (baseline)"", ""impact"": 0.43}, {""name"": ""Превышение над рекой 28 м (baseline)"", ""impact"": 0.04}]"
Ефимовка,53.149876,66.773178,43.3,"[{""name"": ""Река в 0.8 км (baseline)"", ""impact"": 0.43}]"
Токсан би,52.962101,66.622246,56.9,"[{""name"": ""Река в 0.4 км (baseline)"", ""impact"": 0.44}, {""name"": ""Превышение над рекой 23 м (baseline)"", ""impact"": 0.13}]"
Нежинка,53.059357,66.739822,42.4,"[{""name"": ""Река в 1.1 км (baseline)"", ""impact"": 0.42}]"
Старобелка,52.982792,66.829201,24.3,"[{""name"": ""Река в 9.2 км (baseline)"", ""impact"": 0.24}]"
Ивановка,54.631046,69.990372,0.0,[]
Полтавка,54.502052,69.781807,0.0,[]
Черкасское,54.368376,69.7677017,0.0,[]
Власовка,54.199375,69.603462,0.0,[]
Киялы,54.200649,69.649261,0.0,[]
Шагалалы,54.1781318,69.5230735,0.0,[]
Астраханка,54.511875,69.232262,0.0,[]
Бескудук,54.047737,68.087105,66.6,"[{""name"": ""Река в 11.6 км (baseline)"", ""impact"": 0.19}, {""name"": ""Превышение над рекой 4 м (baseline)"", ""impact"": 0.48}]"
Волошинка,53.889011,67.978714,64.0,"[{""name"": ""Река в 11.1 км (baseline)"", ""impact"": 0.2}, {""name"": ""Превышение над рекой 6 м (baseline)"", ""impact"": 0.44}]"
Орнек,54.143215,67.791847,57.3,"[{""name"": ""Река в 1.1 км (baseline)"", ""impact"": 0.43}, {""name"": ""Превышение над рекой 22 м (baseline)"", ""impact"": 0.15}]"
Ясновка,53.981533,68.216652,89.9,"[{""name"": ""Река в 0.4 км (baseline)"", ""impact"": 0.44}, {""name"": ""Превышение над рекой 5 м (baseline)"", ""impact"": 0.46}]"
Николаевка,54.205807,67.804298,64.3,"[{""name"": ""Река в 2.0 км (baseline)"", ""impact"": 0.41}, {""name"": ""Превышение над рекой 17 м (baseline)"", ""impact"": 0.24}]"
Спасовка,54.349106,67.721245,3.0,"[{""name"": ""Река в 18.7 км (baseline)"", ""impact"": 0.03}]"
Петровка,54.302021,68.221336,75.5,"[{""name"": ""Река в 3.6 км (baseline)"", ""impact"": 0.37}, {""name"": ""Превышение над рекой 9 м (baseline)"", ""impact"": 0.39}]"
Чириковка,54.399506,68.616119,67.1,"[{""name"": ""Река в 1.6 км (baseline)"", ""impact"": 0.41}, {""name"": ""Превышение над рекой 16 м (baseline)"", ""impact"": 0.26}]"
Тарангул,54.1698,68.429443,14.6,"[{""name"": ""Река в 13.5 км (baseline)"", ""impact"": 0.15}]"
Корнеевка,54.00486,68.421883,69.4,"[{""name"": ""Река в 7.1 км (baseline)"", ""impact"": 0.29}, {""name"": ""Превышение над рекой 8 м (baseline)"", ""impact"": 0.4}]"
Булак,53.870007,68.391533,72.6,"[{""name"": ""Река в 12.2 км (baseline)"", ""impact"": 0.18}, {""name"": ""Превышение над рекой -14 м (baseline)"", ""impact"": 0.55}]"
Ильинка,54.2030973,68.0059602,41.9,"[{""name"": ""Река в 1.4 км (baseline)"", ""impact"": 0.42}]"
Заградовка,53.844063,68.610909,0.0,[]
Володарское,52.661465,66.595833,65.9,"[{""name"": ""Река в 0.5 км (baseline)"", ""impact"": 0.44}, {""name"": ""Превышение над рекой 18 м (baseline)"", ""impact"": 0.22}]"
Жарколь,52.5745729,66.3971613,29.5,"[{""name"": ""Река в 6.9 км (baseline)"", ""impact"": 0.29}]"
Целинное,52.6059,66.490768,64.5,"[{""name"": ""Река в 0.3 км (baseline)"", ""impact"": 0.44}, {""name"": ""Превышение над рекой 19 м (baseline)"", ""impact"": 0.2}]"
Виноградовка,55.2200765,69.086532,15.6,"[{""name"": ""Река в 13.1 км (baseline)"", ""impact"": 0.16}]"
Гайдуково,55.322174,68.7733,0.0,[]
Вагулино,55.150024,69.259735,83.5,"[{""name"": ""Река в 1.6 км (baseline)"", ""impact"": 0.41}, {""name"": ""Превышение над рекой 7 м (baseline)"", ""impact"": 0.42}]"
Бугровое,55.048939,69.720924,0.0,[]
Долматово,55.3167772,69.4561447,84.3,"[{""name"": ""Река в 0.5 км (baseline)"", ""impact"": 0.44}, {""name"": ""Превышение над рекой 8 м (baseline)"", ""impact"": 0.4}]"
Байтерек,54.7371426,69.0677151,69.0,"[{""name"": ""Река в 1.6 км (baseline)"", ""impact"": 0.41}, {""name"": ""Превышение над рекой 15 м (baseline)"", ""impact"": 0.28}]"
Рассвет,54.475815,68.68837,41.4,"[{""name"": ""Река в 1.6 км (baseline)"", ""impact"": 0.41}]"
Байтерек,54.9012441,70.0339128,0.0,[]
Рявкино,54.979862,70.095688,0.0,[]
Лебяжье,55.039898,70.839371,0.0,[]
Метлишино,54.969437,69.623795,0.0,[]
Ганькино,54.869091,70.119324,0.0,[]
Тюменка,54.885094,69.778336,0.0,[]
Толмачевка,54.8367908,69.3836859,5.5,"[{""name"": ""Река в 17.5 км (baseline)"", ""impact"": 0.06}]"
Плоское,54.774399,69.478127,0.0,[]
Гаврино,55.177998,69.963959,0.0,[]
Зарослое,55.068386,70.231606,0.0,[]
Ташкентка,55.0608911,69.2294455,43.4,"[{""name"": ""Река в 0.7 км (baseline)"", ""impact"": 0.43}]"
Новотроицкое,54.941441,70.222183,0.0,[]
Октябрьское,55.0304739,70.4233151,0.0,[]
Хлебороб,54.962818,70.464844,0.0,[]
Суворовка,55.098549,70.318291,0.0,[]
Тищенко,54.866947,70.56736,0.0,[]
Чистовское,54.895565,70.625801,0.0,[]
Украинка,54.844982,70.585289,0.0,[]
Майбалык,54.296463,70.509888,0.0,[]
Пулеметовка,54.552135,70.423721,0.0,[]
Таманское,54.482517,70.512383,0.0,[]
Косколь,54.4303762,70.6339942,0.0,[]
Советское,54.4322207,70.3431847,0.0,[]
Шандак,54.436375,70.751198,0.0,[]
Придорожное,54.498676,70.345047,0.0,[]
Достык,54.7590514,70.3366645,0.0,[]
Полтавка,54.831326,70.311897,0.0,[]
Жанажол,53.982719,67.608635,84.3,"[{""name"": ""Река в 0.4 км (baseline)"", ""impact"": 0.44}, {""name"": ""Превышение над рекой 8 м (baseline)"", ""impact"": 0.4}]"
Жанаталап,53.9700811,67.5499431,67.9,"[{""name"": ""Река в 1.2 км (baseline)"", ""impact"": 0.42}, {""name"": ""Превышение над рекой 16 м (baseline)"", ""impact"": 0.26}]"
Узынжар,53.537678,67.080902,55.1,"[{""name"": ""Река в 1.2 км (baseline)"", ""impact"": 0.42}, {""name"": ""Превышение над рекой 23 м (baseline)"", ""impact"": 0.13}]"
Двинск,54.145901,68.403328,10.7,"[{""name"": ""Река в 15.2 км (baseline)"", ""impact"": 0.11}]"
Лавровка,53.454784,68.35746,82.8,"[{""name"": ""Река в 0.3 км (baseline)"", ""impact"": 0.44}, {""name"": ""Превышение над рекой 9 м (baseline)"", ""impact"": 0.39}]"
Дзержинское,53.612789,66.435074,0.0,[]
Ленинское,53.3755636,66.3604841,0.0,[]
Москворецкое,53.6791,66.362312,0.0,[]
Андреевка,52.999763,67.381363,0.0,[]
Макарьевка,54.501556,66.350296,0.0,[]
Пресноредуть,54.5552732,66.1543393,0.0,[]
Дубровное,54.814541,68.091301,0.0,[]
Афонькино,54.905602,68.262001,0.0,[]
Покровка,54.931152,68.631683,0.0,[]
Қызылжар орман шаруашылығы,54.8302185,69.1262021,71.0,"[{""name"": ""Река в 4.7 км (baseline)"", ""impact"": 0.34}, {""name"": ""Превышение над рекой 10 м (baseline)"", ""impact"": 0.37}]"
Тепловское,54.8629738,69.2551484,25.2,"[{""name"": ""Река в 8.8 км (baseline)"", ""impact"": 0.25}]"
Кладбинка,54.736385,67.6147491,0.0,[]
Пчелино,54.778366,67.937798,0.0,[]
Сенжарка,54.7730787,67.8304133,0.0,[]
Екатериновка,54.5942855,66.7049222,0.0,[]
Светлое,54.586346,66.634529,0.0,[]
Чапаевка,54.5086818,66.5132517,0.0,[]
Будённое,54.623726,66.513252,0.0,[]
Кабань,54.6611966,66.4859984,0.0,[]
Калиновка,54.5925449,66.4565179,0.0,[]
Казанка,54.718452,66.954659,0.0,[]
Узынколь,54.59211,67.152664,0.0,[]
Айымжан,54.543686,67.090912,0.0,[]
Святодуховка,54.484962,66.783897,0.0,[]
Благовещенка,54.369076,66.97139,0.0,[]
Украинское,54.116165,66.659279,0.0,[]
Новое,54.091621,66.53981,0.0,[]
Кайранколь,54.032894,66.369087,0.0,[]
Комсомольское,53.754959,66.402031,0.0,[]
Хмельницкое,53.824615,66.061569,0.0,[]
2632 км,54.8565139,69.2607726,23.8,"[{""name"": ""Река в 9.4 км (baseline)"", ""impact"": 0.24}]"
Краснознамённое,54.976139,68.806702,3.5,"[{""name"": ""Река в 18.5 км (baseline)"", ""impact"": 0.03}]"
Горьковское,54.1858669,71.9383977,0.0,[]
Арыкбалык,52.953907,68.198669,32.9,"[{""name"": ""Река в 5.4 км (baseline)"", ""impact"": 0.33}]"
Петровка,53.6162693,70.4615564,23.7,"[{""name"": ""Река в 14.3 км (baseline)"", ""impact"": 0.13}, {""name"": ""Превышение над рекой 24 м (baseline)"", ""impact"": 0.11}]"
Чкалово,53.625412,70.43367,17.9,"[{""name"": ""Река в 16.1 км (baseline)"", ""impact"": 0.09}, {""name"": ""Превышение над рекой 25 м (baseline)"", ""impact"": 0.09}]"
Нижний Бурлук,52.771709,68.169281,71.5,"[{""name"": ""Река в 12.7 км (baseline)"", ""impact"": 0.17}, {""name"": ""Превышение над рекой -3 м (baseline)"", ""impact"": 0.55}]"
Айсаринское,53.294186,71.898643,0.0,[]
Аккудык,53.128433,72.34227,0.0,[]
Золотая Нива,52.962009,71.943108,0.0,[]
Карсаковка,52.798553,67.771004,84.5,"[{""name"": ""Река в 2.0 км (baseline)"", ""impact"": 0.41}, {""name"": ""Превышение над рекой 6 м (baseline)"", ""impact"": 0.44}]"
Шоптыколь,52.43047,66.749649,65.9,"[{""name"": ""Река в 0.5 км (baseline)"", ""impact"": 0.44}, {""name"": ""Превышение над рекой 18 м (baseline)"", ""impact"": 0.22}]"
Ялты,52.4594302,67.194389,74.5,"[{""name"": ""Река в 0.7 км (baseline)"", ""impact"": 0.43}, {""name"": ""Превышение над рекой 13 м (baseline)"", ""impact"": 0.31}]"
Верхний Бурлук,52.839413,68.307625,14.1,"[{""name"": ""Река в 14.5 км (baseline)"", ""impact"": 0.12}, {""name"": ""Превышение над рекой 29 м (baseline)"", ""impact"": 0.02}]"
Боровское,54.875137,68.8351312,16.2,"[{""name"": ""Река в 12.8 км (baseline)"", ""impact"": 0.16}]"
Кондратовка,54.884083,68.808029,11.7,"[{""name"": ""Река в 14.8 км (baseline)"", ""impact"": 0.12}]"
Измайловка,54.8892174,68.8511832,16.3,"[{""name"": ""Река в 12.8 км (baseline)"", ""impact"": 0.16}]"
Актуесай,53.9165399,72.6553586,65.5,"[{""name"": ""Река в 2.3 км (baseline)"", ""impact"": 0.4}, {""name"": ""Превышение над рекой 16 м (baseline)"", ""impact"": 0.26}]"
Бидайык,54.0295008,72.7368342,18.2,"[{""name"": ""Река в 11.9 км (baseline)"", ""impact"": 0.18}]"
Целинное,53.9890371,66.0713217,0.0,[]
Караагаш,54.323322,68.899139,0.0,[]
Куприяновка,53.3391,66.959091,41.1,"[{""name"": ""Река в 1.7 км (baseline)"", ""impact"": 0.41}]"
Акбулак,53.406972,72.4177394,0.0,[]
Вознесенка,55.020363,68.95623,45.5,"[{""name"": ""Река в 9.6 км (baseline)"", ""impact"": 0.23}, {""name"": ""Превышение над рекой 18 м (baseline)"", ""impact"": 0.22}]"
Каратал,53.86311,67.467735,65.1,"[{""name"": ""Река в 2.5 км (baseline)"", ""impact"": 0.39}, {""name"": ""Превышение над рекой 16 м (baseline)"", ""impact"": 0.26}]"
Ыскака Ыбыраева,53.933348,67.5846568,50.7,"[{""name"": ""Река в 2.4 км (baseline)"", ""impact"": 0.4}, {""name"": ""Превышение над рекой 24 м (baseline)"", ""impact"": 0.11}]"
Арай,53.752785,67.547203,24.6,"[{""name"": ""Река в 9.1 км (baseline)"", ""impact"": 0.25}]"
Ленинградское,53.534927,71.546295,80.2,"[{""name"": ""Река в 0.6 км (baseline)"", ""impact"": 0.44}, {""name"": ""Превышение над рекой 10 м (baseline)"", ""impact"": 0.37}]"
Краснокаменка,53.731476,68.891396,0.0,[]
Саумалколь,53.2940231,68.1060457,12.7,"[{""name"": ""Река в 14.3 км (baseline)"", ""impact"": 0.13}]"
Разгульное,52.396862,66.681755,77.1,"[{""name"": ""Река в 0.4 км (baseline)"", ""impact"": 0.44}, {""name"": ""Превышение над рекой 12 м (baseline)"", ""impact"": 0.33}]"
Белое,55.061985,68.476593,0.0,[]
Воскресеновка,54.880726,68.470741,0.0,[]
Андреевка,54.515923,68.276672,3.5,"[{""name"": ""Река в 18.5 км (baseline)"", ""impact"": 0.03}]"
Кызыласкер,54.426903,67.804146,0.0,[]
Леденёво,54.699867,68.538467,6.7,"[{""name"": ""Река в 17.0 км (baseline)"", ""impact"": 0.07}]"
Бике,54.614407,67.66539,0.0,[]
Новомихайловка,54.654854,68.193947,0.0,[]
Берёзовка,55.0142306,69.1710894,39.0,"[{""name"": ""Река в 2.6 км (baseline)"", ""impact"": 0.39}]"
Ақсуат,53.612885,66.558327,0.0,[]
Есиль,53.58086,66.803749,0.0,[]
Антоновка,53.315826,68.434509,22.2,"[{""name"": ""Река в 14.2 км (baseline)"", ""impact"": 0.13}, {""name"": ""Превышение над рекой 25 м (baseline)"", ""impact"": 0.09}]"
Горное,53.841141,68.541351,59.9,"[{""name"": ""Река в 17.8 км (baseline)"", ""impact"": 0.05}, {""name"": ""Превышение над рекой -28 м (baseline)"", ""impact"": 0.55}]"
Орлиногорское,53.8115673,68.538841,7.9,"[{""name"": ""Река в 16.5 км (baseline)"", ""impact"": 0.08}]"
Белоградовка,53.464417,66.630424,0.0,[]
Приозёрное,53.749657,66.561279,0.0,[]
Дашко-Николаевка,53.927147,70.341217,15.0,"[{""name"": ""Река в 13.3 км (baseline)"", ""impact"": 0.15}]"
Карлуга,54.62233,68.881004,80.3,"[{""name"": ""Река в 1.4 км (baseline)"", ""impact"": 0.42}, {""name"": ""Превышение над рекой 9 м (baseline)"", ""impact"": 0.39}]"
Новопокровка,53.729725,67.751305,0.0,[]
Щучье,55.152699,68.504646,0.0,[]
Караганды,54.666092,71.055885,0.0,[]
Надёжка,54.7420524,71.0130941,0.0,[]
Бинаш,54.820618,70.881683,0.0,[]
Еремеевка,54.757515,70.890701,0.0,[]
Ногайбай,54.881763,70.926979,0.0,[]
Образец,54.875397,70.796257,0.0,[]
Буденное,53.1812535,66.5524077,10.6,"[{""name"": ""Река в 15.3 км (baseline)"", ""impact"": 0.11}]"
Куприяновка,53.221336,66.506973,0.5,[]
Жамбыл,53.8894492,73.1089828,95.6,"[{""name"": ""Река в 0.3 км (baseline)"", ""impact"": 0.44}, {""name"": ""Превышение над рекой 2 м (baseline)"", ""impact"": 0.51}]"
Ондирис,53.9784697,72.8934674,28.4,"[{""name"": ""Река в 10.6 км (baseline)"", ""impact"": 0.21}, {""name"": ""Превышение над рекой 26 м (baseline)"", ""impact"": 0.07}]"
Кайрат,52.913689,73.55146,87.7,"[{""name"": ""Река в 0.6 км (baseline)"", ""impact"": 0.44}, {""name"": ""Превышение над рекой 6 м (baseline)"", ""impact"": 0.44}]"
Мортык,53.5622505,72.9286611,0.0,[]
Тельжан,53.660759,72.602715,11.5,"[{""name"": ""Река в 14.9 км (baseline)"", ""impact"": 0.11}]"
Мальцево,54.2653401,68.3061657,58.1,"[{""name"": ""Река в 0.7 км (baseline)"", ""impact"": 0.43}, {""name"": ""Превышение над рекой 22 м (baseline)"", ""impact"": 0.15}]"
Енбек,54.2487695,68.2516418,54.7,"[{""name"": ""Река в 0.6 км (baseline)"", ""impact"": 0.44}, {""name"": ""Превышение над рекой 24 м (baseline)"", ""impact"": 0.11}]"
Есильское,54.2562283,68.2175455,75.0,"[{""name"": ""Река в 0.5 км (baseline)"", ""impact"": 0.44}, {""name"": ""Превышение над рекой 13 м (baseline)"", ""impact"": 0.31}]"
Барневка,55.1645146,69.4042147,42.7,"[{""name"": ""Река в 1.0 км (baseline)"", ""impact"": 0.43}]"
Семипалатное,54.4478457,68.6460797,69.1,"[{""name"": ""Река в 1.5 км (baseline)"", ""impact"": 0.42}, {""name"": ""Превышение над рекой 15 м (baseline)"", ""impact"": 0.28}]"
Писаревка,54.63208,70.732681,0.0,[]
Бастомар,54.528683,70.796867,0.0,[]
Веселовка,54.577446,70.596321,0.0,[]
Новоалександровка,54.496716,68.504807,60.1,"[{""name"": ""Река в 8.0 км (baseline)"", ""impact"": 0.27}, {""name"": ""Превышение над рекой 12 м (baseline)"", ""impact"": 0.33}]"
Шаховское,54.7318153,69.3548342,0.5,[]
Стрельниковка,53.9887247,68.3268526,85.9,"[{""name"": ""Река в 2.2 км (baseline)"", ""impact"": 0.4}, {""name"": ""Превышение над рекой 5 м (baseline)"", ""impact"": 0.46}]"
Аксу,53.8229855,67.8078908,3.1,"[{""name"": ""Река в 18.6 км (baseline)"", ""impact"": 0.03}]"
Жанасу,53.8326866,67.8870696,58.9,"[{""name"": ""Река в 16.6 км (baseline)"", ""impact"": 0.08}, {""name"": ""Превышение над рекой 2 м (baseline)"", ""impact"": 0.51}]"
Карасай батыра,53.125417,68.0360983,75.9,"[{""name"": ""Река в 3.4 км (baseline)"", ""impact"": 0.37}, {""name"": ""Превышение над рекой 9 м (baseline)"", ""impact"": 0.39}]"
Агынтай батыра,53.0620564,68.0518484,95.4,"[{""name"": ""Река в 0.4 км (baseline)"", ""impact"": 0.44}, {""name"": ""Превышение над рекой 2 м (baseline)"", ""impact"": 0.51}]"
Орловка,53.1711642,68.0668688,87.6,"[{""name"": ""Река в 0.6 км (baseline)"", ""impact"": 0.44}, {""name"": ""Превышение над рекой 6 м (baseline)"", ""impact"": 0.44}]"
Чистое,55.101256,68.3427794,0.0,[]
Шалкар,53.1775137,68.5159591,81.6,"[{""name"": ""Река в 8.2 км (baseline)"", ""impact"": 0.27}, {""name"": ""Превышение над рекой -6 м (baseline)"", ""impact"": 0.55}]"
Жарколь,52.5101306,66.7043414,74.4,"[{""name"": ""Река в 0.8 км (baseline)"", ""impact"": 0.43}, {""name"": ""Превышение над рекой 13 м (baseline)"", ""impact"": 0.31}]"
Сухорабовка,53.5736874,67.6029499,35.8,"[{""name"": ""Река в 8.2 км (baseline)"", ""impact"": 0.27}, {""name"": ""Превышение над рекой 25 м (baseline)"", ""impact"": 0.09}]"
Становое,54.8205997,68.3186393,0.0,[]
Александровка,54.2347464,68.1394609,52.3,"[{""name"": ""Река в 0.8 км (baseline)"", ""impact"": 0.43}, {""name"": ""Превышение над рекой 25 м (baseline)"", ""impact"": 0.09}]"
Дайындык,54.5021537,69.0646453,5.2,"[{""name"": ""Река в 17.7 км (baseline)"", ""impact"": 0.05}]"
Береке,54.9407252,69.8863836,0.0,[]
Калугино,55.035027,68.7929902,0.0,[]
Беловка,55.0665882,68.799088,0.0,[]
Коваль,55.0501661,68.2970537,0.0,[]
Токты,52.568994,67.4070882,86.5,"[{""name"": ""Река в 0.3 км (baseline)"", ""impact"": 0.44}, {""name"": ""Превышение над рекой 7 м (baseline)"", ""impact"": 0.42}]"
Литвиновка,52.5853205,67.4967383,88.4,"[{""name"": ""Река в 0.2 км (baseline)"", ""impact"": 0.44}, {""name"": ""Превышение над рекой 6 м (baseline)"", ""impact"": 0.44}]"
Салкынколь,52.5590287,67.4251127,80.9,"[{""name"": ""Река в 0.4 км (baseline)"", ""impact"": 0.44}, {""name"": ""Превышение над рекой 10 м (baseline)"", ""impact"": 0.37}]"
Рухловка,52.7000541,67.6423072,90.0,"[{""name"": ""Река в 0.3 км (baseline)"", ""impact"": 0.44}, {""name"": ""Превышение над рекой 5 м (baseline)"", ""impact"": 0.46}]"
Гусаковка,52.7506068,67.6686143,96.2,"[{""name"": ""Река в 0.1 км (baseline)"", ""impact"": 0.45}, {""name"": ""Превышение над рекой 2 м (baseline)"", ""impact"": 0.51}]"
Матвеевка,52.8346101,67.8094625,82.0,"[{""name"": ""Река в 2.3 км (baseline)"", ""impact"": 0.4}, {""name"": ""Превышение над рекой 7 м (baseline)"", ""impact"": 0.42}]"
Константиновка,52.8362175,67.8628921,59.4,"[{""name"": ""Река в 5.0 км (baseline)"", ""impact"": 0.34}, {""name"": ""Превышение над рекой 16 м (baseline)"", ""impact"": 0.26}]"
Целинное,52.9028195,68.0451965,16.1,"[{""name"": ""Река в 12.8 км (baseline)"", ""impact"": 0.16}]"
Горное,52.9292208,68.2443023,25.7,"[{""name"": ""Река в 8.6 км (baseline)"", ""impact"": 0.26}]"
Красногорка,53.2729127,68.2108926,27.7,"[{""name"": ""Река в 15.0 км (baseline)"", ""impact"": 0.11}, {""name"": ""Превышение над рекой 21 м (baseline)"", ""impact"": 0.17}]"
Галицино,53.3412386,68.2065367,21.2,"[{""name"": ""Река в 10.6 км (baseline)"", ""impact"": 0.21}]"
Новоукраинка,53.3163262,67.9793858,15.5,"[{""name"": ""Река в 13.1 км (baseline)"", ""impact"": 0.15}]"
Косколь,53.3417894,67.8201055,39.0,"[{""name"": ""Река в 16.5 км (baseline)"", ""impact"": 0.08}, {""name"": ""Превышение над рекой 13 м (baseline)"", ""impact"": 0.31}]"
Заря,53.5154604,68.5305905,34.8,"[{""name"": ""Река в 8.6 км (baseline)"", ""impact"": 0.26}, {""name"": ""Превышение над рекой 25 м (baseline)"", ""impact"": 0.09}]"
Жумысшы,53.5017169,68.5305691,27.3,"[{""name"": ""Река в 8.7 км (baseline)"", ""impact"": 0.25}, {""name"": ""Превышение над рекой 29 м (baseline)"", ""impact"": 0.02}]"
Уголки,53.3217738,68.4860659,67.5,"[{""name"": ""Река в 14.4 км (baseline)"", ""impact"": 0.13}, {""name"": ""Превышение над рекой -16 м (baseline)"", ""impact"": 0.55}]"
Комаровка,53.3221071,68.2865523,21.2,"[{""name"": ""Река в 10.6 км (baseline)"", ""impact"": 0.21}]"
Акан сере,53.3400471,68.3157348,42.2,"[{""name"": ""Река в 8.6 км (baseline)"", ""impact"": 0.26}, {""name"": ""Превышение над рекой 21 м (baseline)"", ""impact"": 0.17}]"
Береславка,52.7426055,67.3025035,23.3,"[{""name"": ""Река в 9.7 км (baseline)"", ""impact"": 0.23}]"
Новосветловка,52.7572822,67.5023173,34.8,"[{""name"": ""Река в 4.5 км (baseline)"", ""impact"": 0.35}]"
Баян,53.0021046,67.9594087,80.7,"[{""name"": ""Река в 8.6 км (baseline)"", ""impact"": 0.26}, {""name"": ""Превышение над рекой 0 м (baseline)"", ""impact"": 0.55}]"
Шолакозек,53.5661593,68.1713676,45.2,"[{""name"": ""Река в 14.6 км (baseline)"", ""impact"": 0.12}, {""name"": ""Превышение над рекой 12 м (baseline)"", ""impact"": 0.33}]"
Егиндыагаш,53.6037617,68.0490588,0.0,[]
Сарыбулак,53.4724157,68.1568193,37.5,"[{""name"": ""Река в 11.5 км (baseline)"", ""impact"": 0.19}, {""name"": ""Превышение над рекой 20 м (baseline)"", ""impact"": 0.18}]"
Шоккарагай,53.4446403,68.0835846,39.0,"[{""name"": ""Река в 14.9 км (baseline)"", ""impact"": 0.11}, {""name"": ""Превышение над рекой 15 м (baseline)"", ""impact"": 0.28}]"
Междуозёрное,53.4500592,67.9525852,0.0,[]
Колесниковка,53.3616932,67.9582929,5.1,"[{""name"": ""Река в 17.7 км (baseline)"", ""impact"": 0.05}]"
Елецкое,53.405541,67.9525852,0.0,[]
Айыртауское,53.3851202,67.9955864,0.0,[]
Сырымбет,53.4818786,67.9940414,0.0,[]
Сулуколь,53.5268526,67.8197837,0.0,[]
Прекрасное,53.3757157,67.4134022,84.4,"[{""name"": ""Река в 0.4 км (baseline)"", ""impact"": 0.44}, {""name"": ""Превышение над рекой 8 м (baseline)"", ""impact"": 0.4}]"
Никольское,53.2335395,67.518239,57.4,"[{""name"": ""Река в 5.1 км (baseline)"", ""impact"": 0.34}, {""name"": ""Превышение над рекой 17 м (baseline)"", ""impact"": 0.24}]"
Никольско-Бурлукское,53.2128178,67.6370072,97.4,"[{""name"": ""Река в 0.3 км (baseline)"", ""impact"": 0.44}, {""name"": ""Превышение над рекой 1 м (baseline)"", ""impact"": 0.53}]"
Всеволодовка,53.4379945,67.4226665,82.5,"[{""name"": ""Река в 0.5 км (baseline)"", ""impact"": 0.44}, {""name"": ""Превышение над рекой 9 м (baseline)"", ""impact"": 0.39}]"
Бурлык,53.336985,67.4790358,49.1,"[{""name"": ""Река в 1.4 км (baseline)"", ""impact"": 0.42}, {""name"": ""Превышение над рекой 26 м (baseline)"", ""impact"": 0.07}]"
Аксёновка,53.207986,67.4355411,24.1,"[{""name"": ""Река в 10.9 км (baseline)"", ""impact"": 0.2}, {""name"": ""Превышение над рекой 28 м (baseline)"", ""impact"": 0.04}]"
Светлое,53.7956828,68.2084894,91.5,"[{""name"": ""Река в 0.5 км (baseline)"", ""impact"": 0.44}, {""name"": ""Превышение над рекой 4 м (baseline)"", ""impact"": 0.48}]"
Укили Ыбырай,53.7074529,68.5959291,73.5,"[{""name"": ""Река в 11.8 км (baseline)"", ""impact"": 0.19}, {""name"": ""Превышение над рекой -1 м (baseline)"", ""impact"": 0.55}]"
Кумтоккен,53.7638582,68.5752975,68.8,"[{""name"": ""Река в 13.9 км (baseline)"", ""impact"": 0.14}, {""name"": ""Превышение над рекой -5 м (baseline)"", ""impact"": 0.55}]"
Камсакты,53.5797163,68.4649343,84.3,"[{""name"": ""Река в 0.4 км (baseline)"", ""impact"": 0.44}, {""name"": ""Превышение над рекой 8 м (baseline)"", ""impact"": 0.4}]"
Бирлестик,53.5842513,68.3524274,75.0,"[{""name"": ""Река в 4.6 км (baseline)"", ""impact"": 0.35}, {""name"": ""Превышение над рекой 8 м (baseline)"", ""impact"": 0.4}]"
Альжан,53.0645321,68.643372,13.3,"[{""name"": ""Река в 14.1 км (baseline)"", ""impact"": 0.13}]"
Заря,53.0150673,68.6056709,51.9,"[{""name"": ""Река в 10.8 км (baseline)"", ""impact"": 0.21}, {""name"": ""Превышение над рекой 13 м (baseline)"", ""impact"": 0.31}]"
Ботай,53.3041595,67.6472211,34.0,"[{""name"": ""Река в 4.9 км (baseline)"", ""impact"": 0.34}]"
Каратал,53.3910836,67.6432514,21.4,"[{""name"": ""Река в 12.1 км (baseline)"", ""impact"": 0.18}, {""name"": ""Превышение над рекой 28 м (baseline)"", ""impact"": 0.04}]"
Высокое,53.2772496,67.6776695,35.0,"[{""name"": ""Река в 6.1 км (baseline)"", ""impact"": 0.31}, {""name"": ""Превышение над рекой 28 м (baseline)"", ""impact"": 0.04}]"
Каракамыс,53.6986121,68.268013,76.5,"[{""name"": ""Река в 3.1 км (baseline)"", ""impact"": 0.38}, {""name"": ""Превышение над рекой 9 м (baseline)"", ""impact"": 0.39}]"
Даукара,53.6542022,68.1358337,45.6,"[{""name"": ""Река в 12.8 км (baseline)"", ""impact"": 0.16}, {""name"": ""Превышение над рекой 14 м (baseline)"", ""impact"": 0.29}]"
Жаксы Жалгызтау,52.6421651,68.2249474,81.2,"[{""name"": ""Река в 1.0 км (baseline)"", ""impact"": 0.43}, {""name"": ""Превышение над рекой 9 м (baseline)"", ""impact"": 0.39}]"
Сарысай,53.0826834,67.7342748,32.4,"[{""name"": ""Река в 5.6 км (baseline)"", ""impact"": 0.32}]"
Петропавловка,53.0067014,67.695136,13.3,"[{""name"": ""Река в 14.1 км (baseline)"", ""impact"": 0.13}]"
Карловка,53.0192238,67.7919101,14.9,"[{""name"": ""Река в 13.4 км (baseline)"", ""impact"": 0.15}]"
Бурлык,53.1656074,67.9684638,89.2,"[{""name"": ""Река в 0.7 км (baseline)"", ""impact"": 0.43}, {""name"": ""Превышение над рекой 5 м (baseline)"", ""impact"": 0.46}]"
Кутузовка,53.1910447,67.8534507,77.0,"[{""name"": ""Река в 0.4 км (baseline)"", ""impact"": 0.44}, {""name"": ""Превышение над рекой 12 м (baseline)"", ""impact"": 0.33}]"
Кирилловка,53.1477267,67.7912511,76.6,"[{""name"": ""Река в 0.6 км (baseline)"", ""impact"": 0.44}, {""name"": ""Превышение над рекой 12 м (baseline)"", ""impact"": 0.33}]"
Каменный Брод,53.0945653,67.6908874,52.7,"[{""name"": ""Река в 4.7 км (baseline)"", ""impact"": 0.34}, {""name"": ""Превышение над рекой 20 м (baseline)"", ""impact"": 0.18}]"
Сарытубек,53.2005831,67.9444312,80.3,"[{""name"": ""Река в 0.6 км (baseline)"", ""impact"": 0.44}, {""name"": ""Превышение над рекой 10 м (baseline)"", ""impact"": 0.37}]"
Уялы,54.1629868,72.2976779,0.0,[]
Аксары,54.2971934,72.2644614,0.0,[]
Ульгили,53.597446,72.0809125,0.0,[]
Тугуржап,53.5150011,71.9287347,0.0,[]
Майское,53.8957917,72.2666072,0.0,[]
Кызылту,53.718933,71.5046024,57.0,"[{""name"": ""Река в 19.1 км (baseline)"", ""impact"": 0.02}, {""name"": ""Превышение над рекой -5 м (baseline)"", ""impact"": 0.55}]"
Кулыколь,53.7199259,71.9975228,0.0,[]
Карашилик,53.7794565,72.0460653,0.0,[]
Киши Караой,54.1047789,71.3787102,0.0,[]
Байтус,53.989253,71.1807632,0.0,[]
Кенащы,54.0204148,71.0951686,0.0,[]
Ащиколь,53.5948481,71.1249303,0.0,[]
Безлесное,54.1278581,69.456017,0.0,[]
Каратомар,54.5032807,69.2173004,0.0,[]
Амангельды,54.3259971,69.4720244,0.0,[]
Степное,54.229668,69.52775,0.0,[]
Южное,54.1012926,69.6309163,51.2,"[{""name"": ""Река в 15.2 км (baseline)"", ""impact"": 0.11}, {""name"": ""Превышение над рекой 8 м (baseline)"", ""impact"": 0.4}]"
Борки,54.6260838,69.7526908,0.0,[]
Барыколь,54.1755982,69.9659586,0.0,[]
Кучковка,54.1470035,69.7863578,54.2,"[{""name"": ""Река в 16.3 км (baseline)"", ""impact"": 0.08}, {""name"": ""Превышение над рекой 5 м (baseline)"", ""impact"": 0.46}]"
Добровольское,54.4030707,69.5706224,0.0,[]
Новороссийское,54.3709461,69.9273991,0.0,[]
Талапкер,54.431638,68.3590364,50.6,"[{""name"": ""Река в 8.1 км (baseline)"", ""impact"": 0.27}, {""name"": ""Превышение над рекой 17 м (baseline)"", ""impact"": 0.24}]"
Трудовое,54.5783551,68.4486866,10.3,"[{""name"": ""Река в 15.4 км (baseline)"", ""impact"": 0.1}]"
Владимировка,54.4874042,68.1685352,0.0,[]
Поляковка,54.3841563,68.4238815,76.1,"[{""name"": ""Река в 1.7 км (baseline)"", ""impact"": 0.41}, {""name"": ""Превышение над рекой 11 м (baseline)"", ""impact"": 0.35}]"
Амангельдинское,54.355137,68.3443915,96.0,"[{""name"": ""Река в 1.8 км (baseline)"", ""impact"": 0.41}, {""name"": ""Превышение над рекой -1 м (baseline)"", ""impact"": 0.55}]"
Жаркайын,54.1861968,67.8326797,79.0,"[{""name"": ""Река в 0.4 км (baseline)"", ""impact"": 0.44}, {""name"": ""Превышение над рекой 11 м (baseline)"", ""impact"": 0.35}]"
Мектеп,54.0520573,67.6722836,82.1,"[{""name"": ""Река в 0.6 км (baseline)"", ""impact"": 0.44}, {""name"": ""Превышение над рекой 9 м (baseline)"", ""impact"": 0.39}]"
Новоандреевка,54.6872164,68.4011149,0.0,[]
Бостандык,54.5696112,68.1605315,0.0,[]
Бексеит,54.6072476,68.0857944,0.0,[]
Луговое,54.3862681,68.5906505,81.8,"[{""name"": ""Река в 1.6 км (baseline)"", ""impact"": 0.42}, {""name"": ""Превышение над рекой 8 м (baseline)"", ""impact"": 0.4}]"
Тонкошуровка,53.9038831,68.6848497,0.0,[]
Степное,53.8285471,68.745017,0.0,[]
Ивано-Петровка,53.9233972,67.9904365,61.1,"[{""name"": ""Река в 11.6 км (baseline)"", ""impact"": 0.19}, {""name"": ""Превышение над рекой 7 м (baseline)"", ""impact"": 0.42}]"
Лузинка,53.9194799,67.8829765,13.4,"[{""name"": ""Река в 14.1 км (baseline)"", ""impact"": 0.13}]"
Актас,53.8510077,68.2069015,81.2,"[{""name"": ""Река в 3.5 км (baseline)"", ""impact"": 0.37}, {""name"": ""Превышение над рекой 6 м (baseline)"", ""impact"": 0.44}]"
Карагай,53.8888116,68.2977962,50.6,"[{""name"": ""Река в 7.3 км (baseline)"", ""impact"": 0.29}, {""name"": ""Превышение над рекой 18 м (baseline)"", ""impact"": 0.22}]"
Алабие,54.1109933,68.2352685,66.0,"[{""name"": ""Река в 12.7 км (baseline)"", ""impact"": 0.16}, {""name"": ""Превышение над рекой 3 м (baseline)"", ""impact"": 0.5}]"
Черуновка,54.0460356,67.9920673,10.7,"[{""name"": ""Река в 15.2 км (baseline)"", ""impact"": 0.11}]"
Тауагаш,54.3952761,67.8949713,0.0,[]
Бирлик,54.2427105,68.1035614,74.9,"[{""name"": ""Река в 0.6 км (baseline)"", ""impact"": 0.44}, {""name"": ""Превышение над рекой 13 м (baseline)"", ""impact"": 0.31}]"
Мадениет,54.2982828,68.1356191,55.3,"[{""name"": ""Река в 4.4 км (baseline)"", ""impact"": 0.35}, {""name"": ""Превышение над рекой 19 м (baseline)"", ""impact"": 0.2}]"
Леонидовка,54.0768654,68.6955785,0.0,[]
Советское,54.0462372,68.4159851,69.2,"[{""name"": ""Река в 8.0 км (baseline)"", ""impact"": 0.27}, {""name"": ""Превышение над рекой 7 м (baseline)"", ""impact"": 0.42}]"
Амангельды,54.1774318,67.9381871,45.7,"[{""name"": ""Река в 0.5 км (baseline)"", ""impact"": 0.44}, {""name"": ""Превышение над рекой 29 м (baseline)"", ""impact"": 0.02}]"
Сарыман,54.310565,67.8216075,16.8,"[{""name"": ""Река в 12.6 км (baseline)"", ""impact"": 0.17}]"
Ульги,54.3670585,67.1712684,0.0,[]
Баян,54.3207286,67.4699591,0.0,[]
Баймаганбета Изтолина,54.2579298,67.2894144,0.0,[]
Архангелка,54.3835815,67.3846864,0.0,[]
Айтуар,54.3206785,67.2158145,0.0,[]
Озерное,54.2726424,66.2366795,0.0,[]
Каракамыс,54.2530914,66.3540744,0.0,[]
Сабит,54.4945581,66.6364574,0.0,[]
Ольговка,54.3638081,66.6235828,0.0,[]
Жанажол,54.3931274,66.490159,0.0,[]
Бауманское,54.2327534,66.2374734,0.0,[]
Майбалык,54.281738,66.7903089,0.0,[]
Октябрь,54.6526087,67.7450037,0.0,[]
Симаки,54.7320175,67.8026175,0.0,[]
Новорыбинка,54.6625883,67.4094486,0.0,[]
Миролюбово,54.6953399,67.4625349,0.0,[]
Петровка,54.4954928,66.9772911,0.0,[]
Мирное,54.5739026,67.3085975,0.0,[]
Железное,54.7768806,67.3440456,0.0,[]
Троицкое,54.4676933,67.6668548,0.0,[]
Озерное,53.8539284,68.8841164,0.0,[]
Малое Белое,54.9002536,69.2763519,23.8,"[{""name"": ""Река в 9.4 км (baseline)"", ""impact"": 0.24}]"
Гончаровка,55.2013817,69.4533562,43.3,"[{""name"": ""Река в 0.7 км (baseline)"", ""impact"": 0.43}]"
Новогеоргиевка,55.0711684,69.8627042,0.0,[]
Кондыбай,53.7484063,72.5124692,5.2,"[{""name"": ""Река в 17.7 км (baseline)"", ""impact"": 0.05}]"
Кобенсай,53.7464014,72.7824497,94.1,"[{""name"": ""Река в 0.2 км (baseline)"", ""impact"": 0.45}, {""name"": ""Превышение над рекой 3 м (baseline)"", ""impact"": 0.5}]"
Кузексай,53.8505015,72.6961898,52.8,"[{""name"": ""Река в 7.1 км (baseline)"", ""impact"": 0.29}, {""name"": ""Превышение над рекой 17 м (baseline)"", ""impact"": 0.24}]"
Жас Улан,53.4194052,72.7573012,0.0,[]
Карашилик,53.4267191,72.552123,0.0,[]
Коктерек,53.4759917,73.1992435,0.0,[]
Каратерек,53.9206425,73.5117101,82.9,"[{""name"": ""Река в 2.7 км (baseline)"", ""impact"": 0.39}, {""name"": ""Превышение над рекой 6 м (baseline)"", ""impact"": 0.44}]"
Жаскайрат,53.0771667,73.5541105,64.5,"[{""name"": ""Река в 4.4 км (baseline)"", ""impact"": 0.35}, {""name"": ""Превышение над рекой 14 м (baseline)"", ""impact"": 0.29}]"
Тлеусай,53.7318571,73.2736587,59.8,"[{""name"": ""Река в 0.7 км (baseline)"", ""impact"": 0.43}, {""name"": ""Превышение над рекой 21 м (baseline)"", ""impact"": 0.17}]"
Амангельды,53.8235571,73.3421087,21.2,"[{""name"": ""Река в 10.6 км (baseline)"", ""impact"": 0.21}]"
Кулыколь,52.7802874,73.7572288,94.2,"[{""name"": ""Река в 1.0 км (baseline)"", ""impact"": 0.43}, {""name"": ""Превышение над рекой 2 м (baseline)"", ""impact"": 0.51}]"
Каратал,52.7425276,73.7021255,86.8,"[{""name"": ""Река в 3.4 км (baseline)"", ""impact"": 0.37}, {""name"": ""Превышение над рекой 3 м (baseline)"", ""impact"": 0.5}]"
Береке,52.7437356,73.590846,83.6,"[{""name"": ""Река в 7.3 км (baseline)"", ""impact"": 0.29}, {""name"": ""Превышение над рекой 0 м (baseline)"", ""impact"": 0.55}]"
Суатколь,54.1412345,66.9830417,0.0,[]
Жаркен,54.0364451,67.0563389,0.0,[]
Интымак,53.9418918,67.0826911,0.0,[]
Дмитриевка,53.8988767,67.004671,0.0,[]
Акжан,53.8024377,66.6982555,0.0,[]
Рассвет,53.803971,66.5284824,0.0,[]
Ракитное,53.9301611,66.8209458,0.0,[]
Степное,53.8946412,66.8524809,0.0,[]
Дружба,53.8469571,66.9298267,0.0,[]
Северное,53.9985845,66.5322507,0.0,[]
Докучаево,53.911973,66.4887856,0.0,[]
Аймак,53.4569335,70.1337146,0.0,[]
Талдыколь,53.5002747,70.7162904,12.0,"[{""name"": ""Река в 14.7 км (baseline)"", ""impact"": 0.12}]"
Золоторунное,53.5743399,70.7659435,42.4,"[{""name"": ""Река в 8.5 км (baseline)"", ""impact"": 0.26}, {""name"": ""Превышение над рекой 21 м (baseline)"", ""impact"": 0.17}]"
Калиновка,53.7243418,70.0766372,0.0,[]
Константиновка,53.6939115,70.1492929,0.0,[]
Караагаш,53.6301601,70.1149606,0.0,[]
Красный Яр,55.3697588,69.3669891,78.7,"[{""name"": ""Река в 0.5 км (baseline)"", ""impact"": 0.44}, {""name"": ""Превышение над рекой 11 м (baseline)"", ""impact"": 0.35}]"
Кустовое,55.1987611,69.3896699,72.1,"[{""name"": ""Река в 1.8 км (baseline)"", ""impact"": 0.41}, {""name"": ""Превышение над рекой 13 м (baseline)"", ""impact"": 0.31}]"
Красноярка,55.2399127,69.4346237,78.8,"[{""name"": ""Река в 0.5 км (baseline)"", ""impact"": 0.44}, {""name"": ""Превышение над рекой 11 м (baseline)"", ""impact"": 0.35}]"
Желяково,55.2908588,69.3978667,80.7,"[{""name"": ""Река в 0.4 км (baseline)"", ""impact"": 0.44}, {""name"": ""Превышение над рекой 10 м (baseline)"", ""impact"": 0.37}]"
Караагаш,54.2256541,66.9441175,0.0,[]
Жамбыл,54.2018675,66.9842842,0.0,[]
Есперли,54.1121254,66.7873907,0.0,[]
Сумное,55.3315612,69.0555095,4.9,"[{""name"": ""Река в 17.8 км (baseline)"", ""impact"": 0.05}]"
Остановочный пункт 2603 км,54.8760221,68.8476544,17.4,"[{""name"": ""Река в 12.2 км (baseline)"", ""impact"": 0.17}]"
Николаевка,55.196128,68.8156986,0.0,[]
Дубровное,55.2754486,68.9101982,0.0,[]
Орёл,54.9648539,68.3253908,0.0,[]
Токаревка,54.7259833,68.2347107,0.0,[]
Минкесер,54.5993676,67.9434871,0.0,[]
Дачное,54.6272266,67.5014376,0.0,[]
Степное,54.4578155,67.8199768,0.0,[]
Раздольное,54.5642246,67.7935409,0.0,[]
Новодубровное,54.8076973,67.9845142,0.0,[]
Михайловка,54.9382866,67.8810882,0.0,[]
2629 км,54.855286,69.2117075,29.8,"[{""name"": ""Река в 6.7 км (baseline)"", ""impact"": 0.3}]"
Сарыбулак,52.8805271,67.3163999,9.6,"[{""name"": ""Река в 15.7 км (baseline)"", ""impact"": 0.1}]"
Мадениет,53.0012686,67.2152721,45.4,"[{""name"": ""Река в 10.4 км (baseline)"", ""impact"": 0.22}, {""name"": ""Превышение над рекой 17 м (baseline)"", ""impact"": 0.24}]"
Кокалажар,52.9259016,67.0963322,71.3,"[{""name"": ""Река в 0.5 км (baseline)"", ""impact"": 0.44}, {""name"": ""Превышение над рекой 15 м (baseline)"", ""impact"": 0.28}]"
Чернозубовка,52.6929291,66.6287558,62.2,"[{""name"": ""Река в 0.5 км (baseline)"", ""impact"": 0.44}, {""name"": ""Превышение над рекой 20 м (baseline)"", ""impact"": 0.18}]"
Стерлитамак,52.7725291,66.5557902,54.3,"[{""name"": ""Река в 0.8 км (baseline)"", ""impact"": 0.43}, {""name"": ""Превышение над рекой 24 м (baseline)"", ""impact"": 0.11}]"
Григорьевка,52.8004769,66.819501,49.9,"[{""name"": ""Река в 1.1 км (baseline)"", ""impact"": 0.43}, {""name"": ""Превышение над рекой 26 м (baseline)"", ""impact"": 0.07}]"
Возвышенка,52.7977292,66.7524333,42.8,"[{""name"": ""Река в 1.0 км (baseline)"", ""impact"": 0.43}]"
Брилёвка,52.767789,66.7150712,86.2,"[{""name"": ""Река в 0.4 км (baseline)"", ""impact"": 0.44}, {""name"": ""Превышение над рекой 7 м (baseline)"", ""impact"": 0.42}]"
Раисовка,52.9180264,67.4657893,0.0,[]
Жанасу,53.1061326,67.452007,10.6,"[{""name"": ""Река в 15.3 км (baseline)"", ""impact"": 0.11}]"
Урожайное,52.7713953,66.5026458,43.9,"[{""name"": ""Река в 0.5 км (baseline)"", ""impact"": 0.44}]"
Степное,52.7552454,66.4173739,33.0,"[{""name"": ""Река в 5.3 км (baseline)"", ""impact"": 0.33}]"
Чернобаевка,52.8799684,67.012886,83.0,"[{""name"": ""Река в 0.2 км (baseline)"", ""impact"": 0.45}, {""name"": ""Превышение над рекой 9 м (baseline)"", ""impact"": 0.39}]"
Берёзовка,52.9062602,66.9168747,40.5,"[{""name"": ""Река в 6.1 км (baseline)"", ""impact"": 0.31}, {""name"": ""Превышение над рекой 25 м (baseline)"", ""impact"": 0.09}]"
Сарыадыр,52.7906559,67.0625215,31.9,"[{""name"": ""Река в 5.8 км (baseline)"", ""impact"": 0.32}]"
Новоселовка,53.2008338,67.0367521,87.3,"[{""name"": ""Река в 5.6 км (baseline)"", ""impact"": 0.32}, {""name"": ""Превышение над рекой -9 м (baseline)"", ""impact"": 0.55}]"
Мукур,53.2926321,67.0654879,36.1,"[{""name"": ""Река в 3.9 км (baseline)"", ""impact"": 0.36}]"
Шукырколь,53.1243801,67.3033995,8.1,"[{""name"": ""Река в 16.4 км (baseline)"", ""impact"": 0.08}]"
Караагаш,53.0428349,67.154194,22.9,"[{""name"": ""Река в 9.8 км (baseline)"", ""impact"": 0.23}]"
15 лет Казахстана,53.2095928,67.3511423,12.7,"[{""name"": ""Река в 14.3 км (baseline)"", ""impact"": 0.13}]"
Конырсу,52.3559913,66.7162477,52.1,"[{""name"": ""Река в 3.4 км (baseline)"", ""impact"": 0.37}, {""name"": ""Превышение над рекой 22 м (baseline)"", ""impact"": 0.15}]"
Большой Талсай,52.470635,66.76267,65.9,"[{""name"": ""Река в 0.5 км (baseline)"", ""impact"": 0.44}, {""name"": ""Превышение над рекой 18 м (baseline)"", ""impact"": 0.22}]"
Симоновка,52.6464487,66.920633,76.9,"[{""name"": ""Река в 0.5 км (baseline)"", ""impact"": 0.44}, {""name"": ""Превышение над рекой 12 м (baseline)"", ""impact"": 0.33}]"
Князевка,52.7283691,67.1480017,68.3,"[{""name"": ""Река в 3.5 км (baseline)"", ""impact"": 0.37}, {""name"": ""Превышение над рекой 13 м (baseline)"", ""impact"": 0.31}]"
Дубровка,52.6041019,67.1266433,38.8,"[{""name"": ""Река в 2.8 км (baseline)"", ""impact"": 0.39}]"
Гаршино,52.5535027,67.0469561,74.7,"[{""name"": ""Река в 0.7 км (baseline)"", ""impact"": 0.43}, {""name"": ""Превышение над рекой 13 м (baseline)"", ""impact"": 0.31}]"
Пески,53.2529089,66.9178988,42.8,"[{""name"": ""Река в 1.0 км (baseline)"", ""impact"": 0.43}]"
Конюхово,55.1299613,70.6509694,0.0,[]
Малая Возвышенка,54.4139083,70.818371,0.0,[]
Александровка,54.4323963,71.0879637,0.0,[]
Дюсеке,54.7244325,70.9100427,0.0,[]
Сарытомар,54.6385889,70.1635414,0.0,[]
Жастар,54.566559,70.2167163,0.0,[]
Куралай,55.0372697,70.8846804,0.0,[]
Рощино,54.6666837,70.3587198,0.0,[]
Сулышок,54.7612095,70.6189584,0.0,[]
Успенка,54.7637599,70.5079364,0.0,[]
Уваковское,54.7205307,70.6706714,0.0,[]
Косколь,54.7043543,70.668869,0.0,[]
Узунколь,54.462456,70.733238,0.0,[]
Куломзино,55.2500656,70.4713725,0.0,[]
Урожайное,54.8200002,70.7329845,0.0,[]
Пролетарка,54.9735743,70.5453157,0.0,[]
Садовка,53.4370231,67.3325872,50.9,"[{""name"": ""Река в 6.3 км (baseline)"", ""impact"": 0.31}, {""name"": ""Превышение над рекой 19 м (baseline)"", ""impact"": 0.2}]"
Рясинка,53.4453564,67.2083044,30.1,"[{""name"": ""Река в 6.6 км (baseline)"", ""impact"": 0.3}]"
Двойники,53.5838565,67.3073959,32.7,"[{""name"": ""Река в 5.5 км (baseline)"", ""impact"": 0.33}]"
Афанасьевка,53.5032357,67.24092,28.9,"[{""name"": ""Река в 7.2 км (baseline)"", ""impact"": 0.29}]"
Жалтыр,53.9634836,67.2003221,5.8,"[{""name"": ""Река в 17.4 км (baseline)"", ""impact"": 0.06}]"
Мерген,53.8805149,67.1992492,10.5,"[{""name"": ""Река в 15.3 км (baseline)"", ""impact"": 0.1}]"
Коноваловка,53.6485045,67.195301,81.3,"[{""name"": ""Река в 2.6 км (baseline)"", ""impact"": 0.39}, {""name"": ""Превышение над рекой 7 м (baseline)"", ""impact"": 0.42}]"
Городецкое,53.7382034,67.1063804,20.2,"[{""name"": ""Река в 11.0 км (baseline)"", ""impact"": 0.2}]"
Баганаты,53.7274141,67.2249126,40.6,"[{""name"": ""Река в 6.0 км (baseline)"", ""impact"": 0.31}, {""name"": ""Превышение над рекой 25 м (baseline)"", ""impact"": 0.09}]"
Коктерек,53.9623475,67.6798582,61.7,"[{""name"": ""Река в 1.6 км (baseline)"", ""impact"": 0.42}, {""name"": ""Превышение над рекой 19 м (baseline)"", ""impact"": 0.2}]"
Аканбарак,53.9128829,67.3781633,34.9,"[{""name"": ""Река в 4.5 км (baseline)"", ""impact"": 0.35}]"
Повозочное,54.2425601,67.5386236,5.8,"[{""name"": ""Река в 17.4 км (baseline)"", ""impact"": 0.06}]"
Ортаколь,54.2300004,67.4782312,4.1,"[{""name"": ""Река в 18.2 км (baseline)"", ""impact"": 0.04}]"
Меней,54.2429612,67.6168584,15.0,"[{""name"": ""Река в 13.3 км (baseline)"", ""impact"": 0.15}]"
Бирлик,54.1420941,67.6818752,46.1,"[{""name"": ""Река в 4.4 км (baseline)"", ""impact"": 0.35}, {""name"": ""Превышение над рекой 24 м (baseline)"", ""impact"": 0.11}]"
Енбек,53.7556128,67.95825,59.6,"[{""name"": ""Река в 14.7 км (baseline)"", ""impact"": 0.12}, {""name"": ""Превышение над рекой 4 м (baseline)"", ""impact"": 0.48}]"
Белоглинка,53.6770612,67.826972,0.0,[]
Социал,53.6880668,67.3055076,36.5,"[{""name"": ""Река в 3.8 км (baseline)"", ""impact"": 0.36}]"
Ровное,53.7714425,67.6053571,16.6,"[{""name"": ""Река в 12.6 км (baseline)"", ""impact"": 0.17}]"
Алкаагаш,53.8114974,67.5909376,21.4,"[{""name"": ""Река в 10.5 км (baseline)"", ""impact"": 0.21}]"
Кенес,54.0476734,67.5974607,47.8,"[{""name"": ""Река в 2.8 км (baseline)"", ""impact"": 0.39}, {""name"": ""Превышение над рекой 25 м (baseline)"", ""impact"": 0.09}]"
Астаган,54.1140624,67.4065303,11.3,"[{""name"": ""Река в 15.0 км (baseline)"", ""impact"": 0.11}]"
Ступинка,54.0147291,67.3786352,18.7,"[{""name"": ""Река в 11.7 км (baseline)"", ""impact"": 0.19}]"
Семиполка,54.1257332,67.2814749,0.0,[]
Балуан,54.2084526,67.1645093,0.0,[]
Крещенка,53.4282278,67.0562982,43.4,"[{""name"": ""Река в 0.7 км (baseline)"", ""impact"": 0.43}]"
Белоградовка,53.4953477,66.9956589,29.5,"[{""name"": ""Река в 6.9 км (baseline)"", ""impact"": 0.3}]"
Ольгинка,53.532911,67.4555396,87.6,"[{""name"": ""Река в 0.6 км (baseline)"", ""impact"": 0.44}, {""name"": ""Превышение над рекой 6 м (baseline)"", ""impact"": 0.44}]"
Богатыровка,53.8320424,69.3324422,0.0,[]
Озерное,53.5066304,70.280528,0.0,[]
Северное,53.6988916,69.6248245,95.7,"[{""name"": ""Река в 0.3 км (baseline)"", ""impact"": 0.44}, {""name"": ""Превышение над рекой 2 м (baseline)"", ""impact"": 0.51}]"
Краснодольское,53.9555301,68.8276289,0.0,[]
Южное,53.9757772,68.7356184,0.0,[]
Новоберёзовка,53.6939115,70.3287649,0.0,[]
Шункырколь,53.8672569,70.8470535,14.9,"[{""name"": ""Река в 15.0 км (baseline)"", ""impact"": 0.11}, {""name"": ""Превышение над рекой 28 м (baseline)"", ""impact"": 0.04}]"
Тихоокеанское,53.9349446,70.8029151,22.0,"[{""name"": ""Река в 10.2 км (baseline)"", ""impact"": 0.22}]"
Алабота,53.7980148,70.9733533,63.3,"[{""name"": ""Река в 9.0 км (baseline)"", ""impact"": 0.25}, {""name"": ""Превышение над рекой 9 м (baseline)"", ""impact"": 0.39}]"
Макашевка,54.0519313,68.9453887,0.0,[]
Октябрьское,54.1004005,68.9015722,0.0,[]
Краматоровка,54.0508228,68.9904069,0.0,[]
Димитровка,54.2334809,68.8958644,0.0,[]
Талап,53.6837144,68.7998199,0.0,[]
Мадениет,53.62549,68.7238598,6.9,"[{""name"": ""Река в 17.7 км (baseline)"", ""impact"": 0.05}, {""name"": ""Превышение над рекой 29 м (baseline)"", ""impact"": 0.02}]"
Привольное,53.2180602,66.9173812,43.2,"[{""name"": ""Река в 0.8 км (baseline)"", ""impact"": 0.43}]"
Жамбыл,53.8386141,68.5289597,61.8,"[{""name"": ""Река в 17.0 км (baseline)"", ""impact"": 0.07}, {""name"": ""Превышение над рекой -22 м (baseline)"", ""impact"": 0.55}]"
Ивановка,54.6591319,68.9296519,56.6,"[{""name"": ""Река в 0.5 км (baseline)"", ""impact"": 0.44}, {""name"": ""Превышение над рекой 23 м (baseline)"", ""impact"": 0.13}]"
Искра,54.8169142,68.4480049,0.0,[]
Каратал,54.2488791,67.975502,80.0,"[{""name"": ""Река в 4.0 км (baseline)"", ""impact"": 0.36}, {""name"": ""Превышение над рекой 6 м (baseline)"", ""impact"": 0.44}]"
Сосновка,54.9350816,69.7138953,0.0,[]
Нурымбет,54.4560724,66.1028358,0.0,[]
Жанажол,54.3539289,69.5487152,0.0,[]
